title,scrape_datetime,review_text,availability
"Mivi SuperPods Immersio [Just launched], True Wireless Earbuds, Dolby Audio, 3D Soundstage, 60H Playtime, AI ENC, BT v5.4 Earbuds",2025-01-29 12:04:51,"I recently purchased the Mivi SuperPods Immersio, and I have to say, I‚Äôm thoroughly impressed! These wireless earbuds deliver exceptional sound quality and comfort at an unbeatable price.Sound Quality: The sound is crisp, clear, and balanced. The bass is deep without being overpowering, and the mids and highs are equally detailed. Whether you're listening to music, podcasts, or taking calls, the audio is top-notch.Design & Comfort: The earbuds have a sleek, modern design and fit comfortably in my ears. They're lightweight and come with multiple ear tip sizes, ensuring a secure fit, even during workouts or long listening sessions.Battery Life: The battery life is phenomenal! I get about 6-7 hours of playback on a single charge, and the case provides an additional 24 hours of charging, so I don't have to worry about running out of juice throughout the day.Connectivity & Features: The connection is seamless, and I‚Äôve experienced no issues with Bluetooth pairing. The touch controls are responsive, making it easy to skip tracks or take calls with just a tap. The IPX4 rating makes them resistant to sweat and light rain, which is great for workouts.Noise Isolation: The noise isolation is impressive for the price. It helps block out most ambient noise, giving you a more immersive listening experience.Overall, the Mivi SuperPods Immersio offer amazing value for the price. If you're looking for quality wireless earbuds without breaking the bank, I highly recommend these!",Available
"Noise Buds VS104 Truly Wireless Earbuds with 45H of Playtime, Quad Mic with ENC, Instacharge(10 min=200 min), 13mm Driver,Low Latency, BT v5.2 (Mint Green)",2025-01-29 12:04:56,"This buds come as value for money product,it has also nice drive,with good sound quality,very comfortable in ears,also good design, charging speed is good, good function easy to use",Available
boAt Bassheads 100 in Ear Wired Earphones with Mic(Black),2025-01-29 12:05:02,"Headset quality is perfect and color also same aani ordered functionality, sound quality, volume control, length all good. Nice product to use.. And budget friendly also..",Available
"ZEBRONICS Zeb-Bro in Ear Wired Earphones with Mic, 3.5mm Audio Jack, 10mm Drivers, Phone/Tablet Compatible(Blue) (Green)",2025-01-29 12:05:08,"The **ZEBRONICS Zeb-Bro in-ear wired earphones** are a fantastic find! üéß For such an affordable price, the **sound quality** is truly impressive. The **10mm drivers** deliver clear audio with balanced bass, making music, podcasts, and calls a pleasure. Whether I‚Äôm listening to soft melodies or bass-heavy tracks, the sound is crisp and immersive. üéµThe **in-built mic** is a great addition, ensuring clear communication during calls without any issues. I‚Äôve used these earphones for both meetings and casual conversations, and the performance is flawless.The **3.5mm audio jack** offers wide compatibility, and it works perfectly with my phone, laptop, and tablet. Plus, the **comfort** of the earbuds is worth mentioning ‚Äì they fit snugly without causing any discomfort, even during extended use.What I love the most is how **lightweight and durable** these earphones are. The cable is of decent length and doesn't tangle easily, which is a huge bonus. For such a budget-friendly price, ZEBRONICS has nailed it with both quality and performance!If you‚Äôre looking for **reliable, everyday earphones** that offer great sound at an affordable price, the Zeb-Bro is an excellent choice.**Five stars ‚Äì Highly recommended!** üåü",Available
"JBL C100SI Wired In Ear Headphones with Mic, JBL Pure Bass Sound, One Button Multi-function Remote, Premium Metallic Finish, Angled Buds for Comfort fit (Black)",2025-01-29 12:05:12,really good quality of music. comfortable design. Good for this price range,Available
"Noise Buds N1 in-Ear Truly Wireless Earbuds with Chrome Finish, 40H of Playtime, Quad Mic with ENC, Ultra Low Latency(up to 40 ms), Instacharge(10 min=120 min), BT v5.3(Ice Blue)",2025-01-29 12:05:17,"The media could not be loaded.
                



I purchased this products from Amazon and this has been the best buds in this price range.It's is very easy to use and easy to connect to my Samsung s24 mobile phone.And it has beautiful elegant looks which suits to my s24 and very worth.It's fit to my ear very well, it has good mic quality which doesn't need any noice cancellation. Battery life is also very long lasting once I charge it stays 3 to 4 days.",Available
"Boult Audio UFO Truly Wireless in Ear Earbuds with 48H Playtime, Built-in App Support, 45ms Low Latency Gaming, 4 Mics ENC, Breathing LEDs, 13mm Bass Drivers Ear Buds TWS, Made in India (Black Gloss)",2025-01-29 12:05:22,"I recently purchased the Boult Audio UFO Truly Wireless In-Ear Earbuds, and I must say, they have exceeded my expectations in several key areas. Here‚Äôs a detailed review based on my experience:Design and Comfort:The Boult Audio UFO earbuds feature a sleek and modern design that is both stylish and functional. They fit snugly in the ears, making them comfortable for extended listening sessions. The lightweight construction ensures that they don‚Äôt cause any discomfort, even after hours of use. The ear tips come in multiple sizes, allowing for a customizable fit that enhances both comfort and sound isolation.Sound Quality:The audio performance of these earbuds is impressive. The sound is well-balanced, with clear highs, rich mids, and a satisfying bass response. Whether I‚Äôm listening to music, podcasts, or taking calls, the audio quality remains consistent and immersive. The 45ms low latency feature is a game-changer for watching videos and playing games, as it minimizes audio lag, providing a seamless experience.Battery Life:One of the standout features of the Boult Audio UFO earbuds is their incredible battery life. With up to 48 hours of playtime, including the charging case, I can use them for days without needing to recharge. The quick charging capability is also a plus, allowing me to get back to listening in no time.Built-in App Support:The built-in app support is a fantastic addition. It allows for easy customization of sound profiles, touch controls, and firmware updates. This feature enhances the overall user experience, making it easy to tailor the earbuds to my preferences.Connectivity:The Bluetooth connectivity is reliable and quick, with a strong connection that doesn‚Äôt drop even at a distance. Pairing the earbuds with my devices was straightforward, and they reconnect automatically when taken out of the case, which is incredibly convenient.Call Quality:The call quality is clear, with good noise isolation that ensures my voice comes through clearly, even in slightly noisy environments. The built-in microphone performs well, making it easy to have conversations without needing to raise my voice.Conclusion:Overall, the Boult Audio UFO Truly Wireless In-Ear Earbuds offer an excellent combination of sound quality, comfort, and battery life at a competitive price point. They are perfect for anyone looking for reliable, high-quality wireless earbuds for everyday use. I highly recommend them to anyone in the market for a new pair of truly wireless earbuds!",Available
"Mivi SuperPods Halo [Flagship Launch], True Wireless Earbuds with 35dB ANC, 3D Soundstage, 60H Playtime, Spatial Audio, Transparency Mode, 13mm Drivers, and IPX4 Water Resistance",2025-01-29 12:05:28,"My expectations were surpassed by the Mivi SuperPods Halo! With its crisp highs and deep bass, the sound quality is superb.They are ideal for extended use because they are lightweight and fit nicely. With up to 6-7 hours on a single charge and 40 hours with the case, the battery life is exceptional. Bluetooth 5.3 guarantees a steady connection, and touch controls are simple to use.They feel high-end at a reasonable cost because to their elegant appearance and sturdy construction. I heartily recommend them to anyone looking for affordable, high-quality wireless earbuds! masterpiece. Strongly advised.",Available
"Boult Audio W20 Truly Wireless in Ear Earbuds with 35H Playtime, Zen‚Ñ¢ ENC Mic, 45ms Low Latency, 13mm Bass Drivers, Type-C Fast Charging, Made in India, Touch Control, IPX5 ear buds TWS (Glacier Blue)",2025-01-29 12:05:33,"I made my first purchase on Amazon and bought a Boult Audio W20 Wireless earbuds...And after using it for 10 days, I can simply say that all my previous buds are nothing compared to this one. It comes in a casing that gives it a premium look which I liked the most.1. It has an amazing bass and noise cancellation allowing you to listen to musics or calls in any environment.2. It gets incredibly loud and is perfect to wear at gym.3. It has an awesome battery life. Had to recharge them again after using them nonstop for 2-3 days, which is pretty good right?4. It has very responsive touch control and you can easily pick up the call with one click or hang up with double click.5. Last but not the least, these are really comfortable and comes with another two pairs of buds that you can use according to your ear size.These are highly recommended if you are a music lover and don't want too much bg noise or if you are just a person who likes to use it for daily use.",Available
"Noise Buds N1 Pro in-Ear Truly Wireless Earbuds with Metallic Finish, ANC(Upto 30dB), 60H of Playtime, Dual Pairing, Instacharge(10 min=200 min), BT v5.3(Chrome Black)",2025-01-29 12:05:38,"Noise Buds N1 Pro offer great value with a sleek design, IPX5 water resistance, and bass-heavy sound from 11mm drivers. Features like 32 dB ANC, Transparency Mode, Dual Pairing, and Game Mode stand out, while the battery lasts up to 10 hours (60 hours with the case). Quick charging adds convenience. Call quality is decent but struggles in noisy environments. Overall, a solid budget option.",Available
"Boult Audio Z40 True Wireless in Ear Earbuds with 60H Playtime, Zen‚Ñ¢ ENC Mic, Low Latency Gaming, Type-C Fast Charging, Made in India, 10mm Rich Bass Drivers, IPX5, Bluetooth 5.3 Ear Buds TWS (Blue)",2025-01-29 12:05:42,‡§¨‡§π‡•Å‡§§ ‡§Ö‡§ö‡•ç‡§õ‡§æ ‡§â‡§§‡•ç‡§™‡§æ‡§¶‡§® ‡§Ü‡§™‡§®‡•á ‡§¨‡§®‡§æ‡§Ø‡§æ ‡§π‡•à ‡§π‡§Æ‡•á‡§Ç ‡§¨‡•á‡§π‡§¶ ‡§ñ‡•Å‡§∂‡•Ä ‡§π‡•Å‡§à ‡§Ø‡§π ‡§¨‡§π‡•Å‡§§ ‡§π‡•Ä ‡§Ö‡§ö‡•ç‡§õ‡§æ ‡§π‡•à ‡§î‡§∞ ‡§Ø‡§π ‡§Ü‡§ú ‡§≠‡•Ä ‡§ö‡§≤ ‡§∞‡§π‡§æ ‡§π‡•à ‡§è‡§ï ‡§¨‡§æ‡§∞ ‡§Ø‡§π ‡§ñ‡§∞‡§æ‡§¨ ‡§π‡•ã ‡§ö‡•Å‡§ï‡§æ ‡§π‡•à ‡§§‡•ã ‡§π‡§Æ‡§®‡•á ‡§á‡§∏‡•á ‡§¨‡§¶‡§≤‡§µ‡§æ ‡§≤‡§ø‡§Ø‡§æ ‡§•‡§æ ‡§î‡§∞ ‡§Ö‡§≠‡•Ä ‡§¨‡§ø‡§≤‡•ç‡§ï‡•Å‡§≤ ‡§†‡•Ä‡§ï ‡§ö‡§≤ ‡§∞‡§π‡§æ ‡§π‡•à ‡§á‡§∏‡§ï‡•Ä ‡§µ‡§æ‡§∞‡§Ç‡§ü‡•Ä ‡§∏‡§Æ‡§æ‡§™‡•ç‡§§ ‡§π‡•ã ‡§ö‡•Å‡§ï‡•Ä ‡§π‡•à ‡§≤‡•á‡§ï‡§ø‡§® ‡§Ü‡§ú ‡§≠‡•Ä ‡§Ø‡§π ‡§ö‡§≤ ‡§∞‡§π‡§æ ‡§π‡•à ‡§¨‡§π‡•Å‡§§ ‡§Ö‡§ö‡•ç‡§õ‡§æ ‡§Ü‡§™‡§®‡•á ‡§Æ‡•Å‡§ù‡•á ‡§≠‡•á‡§ú‡•ã ‡§ó‡•ç‡§∞‡§æ‡§π‡§ï ‡§¨‡•á‡§π‡§¶ ‡§ñ‡•Å‡§∂ ‡§π‡•à ‡§è‡§ï ‡§Ü‡§™‡§∏‡•á ‡§®‡§ø‡§µ‡•á‡§¶‡§® ‡§π‡•à ‡§ï‡§ø ‡§¨‡§ø‡§®‡§æ ‡§î‡§∞ ‡§ü‡§ø‡§™‡•ç‡§∏ ‡§µ‡§æ‡§≤‡•á ‡§è‡§Ø‡§∞‡§™‡•ã‡§∞‡•ç‡§ü‡•ç‡§∏ ‡§≠‡•Ä ‡§¨‡§®‡§æ‡§è ‡§á‡§∏‡•Ä ‡§°‡§ø‡§ú‡§æ‡§á‡§® ‡§Æ‡•á‡§Ç ‡§Ü‡§™ ‡§¨‡§π‡•Å‡§§ ‡§π‡•Ä ‡§Ö‡§ö‡•ç‡§õ‡§æ ‡§ï‡§æ‡§∞‡•ç‡§Ø ‡§ï‡§∞ ‡§∞‡§π‡•á ‡§π‡•à‡§Ç ‡§Ü‡§™‡§ï‡§æ ‡§¨‡§π‡•Å‡§§-‡§¨‡§π‡•Å‡§§ ‡§ß‡§®‡•ç‡§Ø‡§µ‡§æ‡§¶ ‡§ú‡•ã ‡§≠‡•Ä ‡§á‡§∏‡•á ‡§ñ‡§∞‡•Ä‡§¶‡•á‡§ó‡§æ ‡§µ‡§π ‡§®‡§ø‡§∞‡§æ‡§∂ ‡§®‡§π‡•Ä‡§Ç ‡§π‡•ã‡§ó‡§æ,Available
"Boult Audio Z40 True Wireless in Ear Earbuds with 60H Playtime, Zen‚Ñ¢ ENC Mic, Low Latency Gaming, Type-C Fast Charging, Made in India, 10mm Rich Bass Drivers, IPX5, Bluetooth 5.3 Ear Buds TWS (Blue)",2025-01-29 12:05:47,‡§¨‡§π‡•Å‡§§ ‡§Ö‡§ö‡•ç‡§õ‡§æ ‡§â‡§§‡•ç‡§™‡§æ‡§¶‡§® ‡§Ü‡§™‡§®‡•á ‡§¨‡§®‡§æ‡§Ø‡§æ ‡§π‡•à ‡§π‡§Æ‡•á‡§Ç ‡§¨‡•á‡§π‡§¶ ‡§ñ‡•Å‡§∂‡•Ä ‡§π‡•Å‡§à ‡§Ø‡§π ‡§¨‡§π‡•Å‡§§ ‡§π‡•Ä ‡§Ö‡§ö‡•ç‡§õ‡§æ ‡§π‡•à ‡§î‡§∞ ‡§Ø‡§π ‡§Ü‡§ú ‡§≠‡•Ä ‡§ö‡§≤ ‡§∞‡§π‡§æ ‡§π‡•à ‡§è‡§ï ‡§¨‡§æ‡§∞ ‡§Ø‡§π ‡§ñ‡§∞‡§æ‡§¨ ‡§π‡•ã ‡§ö‡•Å‡§ï‡§æ ‡§π‡•à ‡§§‡•ã ‡§π‡§Æ‡§®‡•á ‡§á‡§∏‡•á ‡§¨‡§¶‡§≤‡§µ‡§æ ‡§≤‡§ø‡§Ø‡§æ ‡§•‡§æ ‡§î‡§∞ ‡§Ö‡§≠‡•Ä ‡§¨‡§ø‡§≤‡•ç‡§ï‡•Å‡§≤ ‡§†‡•Ä‡§ï ‡§ö‡§≤ ‡§∞‡§π‡§æ ‡§π‡•à ‡§á‡§∏‡§ï‡•Ä ‡§µ‡§æ‡§∞‡§Ç‡§ü‡•Ä ‡§∏‡§Æ‡§æ‡§™‡•ç‡§§ ‡§π‡•ã ‡§ö‡•Å‡§ï‡•Ä ‡§π‡•à ‡§≤‡•á‡§ï‡§ø‡§® ‡§Ü‡§ú ‡§≠‡•Ä ‡§Ø‡§π ‡§ö‡§≤ ‡§∞‡§π‡§æ ‡§π‡•à ‡§¨‡§π‡•Å‡§§ ‡§Ö‡§ö‡•ç‡§õ‡§æ ‡§Ü‡§™‡§®‡•á ‡§Æ‡•Å‡§ù‡•á ‡§≠‡•á‡§ú‡•ã ‡§ó‡•ç‡§∞‡§æ‡§π‡§ï ‡§¨‡•á‡§π‡§¶ ‡§ñ‡•Å‡§∂ ‡§π‡•à ‡§è‡§ï ‡§Ü‡§™‡§∏‡•á ‡§®‡§ø‡§µ‡•á‡§¶‡§® ‡§π‡•à ‡§ï‡§ø ‡§¨‡§ø‡§®‡§æ ‡§î‡§∞ ‡§ü‡§ø‡§™‡•ç‡§∏ ‡§µ‡§æ‡§≤‡•á ‡§è‡§Ø‡§∞‡§™‡•ã‡§∞‡•ç‡§ü‡•ç‡§∏ ‡§≠‡•Ä ‡§¨‡§®‡§æ‡§è ‡§á‡§∏‡•Ä ‡§°‡§ø‡§ú‡§æ‡§á‡§® ‡§Æ‡•á‡§Ç ‡§Ü‡§™ ‡§¨‡§π‡•Å‡§§ ‡§π‡•Ä ‡§Ö‡§ö‡•ç‡§õ‡§æ ‡§ï‡§æ‡§∞‡•ç‡§Ø ‡§ï‡§∞ ‡§∞‡§π‡•á ‡§π‡•à‡§Ç ‡§Ü‡§™‡§ï‡§æ ‡§¨‡§π‡•Å‡§§-‡§¨‡§π‡•Å‡§§ ‡§ß‡§®‡•ç‡§Ø‡§µ‡§æ‡§¶ ‡§ú‡•ã ‡§≠‡•Ä ‡§á‡§∏‡•á ‡§ñ‡§∞‡•Ä‡§¶‡•á‡§ó‡§æ ‡§µ‡§π ‡§®‡§ø‡§∞‡§æ‡§∂ ‡§®‡§π‡•Ä‡§Ç ‡§π‡•ã‡§ó‡§æ,Available
boAt bassheads 105 Wired in Ear Earphones with Mic (Green),2025-01-29 12:05:53,You don't have to charge them again & again that's why I bought them the quality is really nice looks good in this color sound is very clear light weight durability is good .,Available
"Ambrane Wired in Earphones with in-line Mic for Clear Calling, 14mm Dynamic Drivers for BoostedBass‚Ñ¢, 3.5mm Jack, Multi-Functional Controller (Stringz 38 Lite, Black)",2025-01-29 12:05:58,The picture doesn‚Äôt do justice to the beautiful color of the earphones.The wire and headphones are of good quality and just as shown in the picture. Reasonably priced as well. It has a good level of noise cancellation and enhances the listening experience.,Available
"ZEBRONICS Zeb-Bro in Ear Wired Earphones with Mic, 3.5mm Audio Jack, 10mm Drivers, Phone/Tablet Compatible(Blue) (Black)",2025-01-29 12:06:03,"The **ZEBRONICS Zeb-Bro in-ear wired earphones** are a fantastic find! üéß For such an affordable price, the **sound quality** is truly impressive. The **10mm drivers** deliver clear audio with balanced bass, making music, podcasts, and calls a pleasure. Whether I‚Äôm listening to soft melodies or bass-heavy tracks, the sound is crisp and immersive. üéµThe **in-built mic** is a great addition, ensuring clear communication during calls without any issues. I‚Äôve used these earphones for both meetings and casual conversations, and the performance is flawless.The **3.5mm audio jack** offers wide compatibility, and it works perfectly with my phone, laptop, and tablet. Plus, the **comfort** of the earbuds is worth mentioning ‚Äì they fit snugly without causing any discomfort, even during extended use.What I love the most is how **lightweight and durable** these earphones are. The cable is of decent length and doesn't tangle easily, which is a huge bonus. For such a budget-friendly price, ZEBRONICS has nailed it with both quality and performance!If you‚Äôre looking for **reliable, everyday earphones** that offer great sound at an affordable price, the Zeb-Bro is an excellent choice.**Five stars ‚Äì Highly recommended!** üåü",Available
boAt Bassheads 242 in Ear Wired Earphones with Mic(Active Black),2025-01-29 12:06:08,"Well ,this earphone was heck of a beast . I used it for about 2 - 3 years and it worked very well for all these years . It offers a high quality sound, fits perfectly to the ear , doesn't fall off the ear , the wires don't get intangled easily, and the main thing is that , this earphone is very much durable , like very very , I literally used it for 2-3 years .And this is the first time in my life that, a earphone kept on working for this much time . Usually , I had to buy 1-2 earphones in a year , but this earphone saved me so much money.I would highly recommend you to buy this earphone . As it would be worth the cost .",Available
"Portronics Conch Theta C in Ear Type C Wired Earphones with in Line HD Mic, Powerful Audio, 14.2mm Driver, Unique Earbuds Design, TPE Anti Tangle Wire, in line Controls, Wide Compatibility(White)",2025-01-29 12:06:14,Value for money. Balanced audio,Available
"Boult Audio Z20 Pro Truly Wireless Bluetooth Ear Buds with 60H Playtime, 4 Mics Clear Calling, 45ms Low Latency, Rich Bass Drivers, Touch Controls, IPX5 TWS Earbuds Bluetooth Wireless (Powder Blue)",2025-01-29 12:06:19,"Superb Wireless Earphones ‚ù§Ô∏èRich bass driversZen quad mic ENC60 hours of playback Charging Type-CBluetooth 5.3 connectivity Waterproof (IPX5) Exceptional features üíØ: - Long battery life - Outstanding noise reduction - Lag-free mobile gaming Enhanced audio with bass Superb construction quality - Lightning-fast charging capability*DESIGN üéâ:*- Compact and secure (perfect for extended use)- Contoured (fits snugly into the ears)- Superior materials (long-lasting and luxurious)- Chic color choices *VERDICT:* The Z20 Pro earbuds are unrivaled by other earphones in terms of performance , usefulness, and appearance. Great for regular users, gamers, and music lovers. RATING DETAILS‚≠ê Sound Quality: 5 out of 5Battery Life: 5 out of 5 Design: 5 out of 5 Features: 5 out of 5 Value: 5 out of 5.",Available
"Boult Audio UFO Truly Wireless in Ear Earbuds with 48H Playtime, Built-in App Support, 45ms Low Latency Gaming, 4 Mics ENC, Breathing LEDs, 13mm Bass Drivers Ear Buds TWS, Made in India (Black Gloss)",2025-01-29 12:06:24,"I recently purchased the Boult Audio UFO Truly Wireless In-Ear Earbuds, and I must say, they have exceeded my expectations in several key areas. Here‚Äôs a detailed review based on my experience:Design and Comfort:The Boult Audio UFO earbuds feature a sleek and modern design that is both stylish and functional. They fit snugly in the ears, making them comfortable for extended listening sessions. The lightweight construction ensures that they don‚Äôt cause any discomfort, even after hours of use. The ear tips come in multiple sizes, allowing for a customizable fit that enhances both comfort and sound isolation.Sound Quality:The audio performance of these earbuds is impressive. The sound is well-balanced, with clear highs, rich mids, and a satisfying bass response. Whether I‚Äôm listening to music, podcasts, or taking calls, the audio quality remains consistent and immersive. The 45ms low latency feature is a game-changer for watching videos and playing games, as it minimizes audio lag, providing a seamless experience.Battery Life:One of the standout features of the Boult Audio UFO earbuds is their incredible battery life. With up to 48 hours of playtime, including the charging case, I can use them for days without needing to recharge. The quick charging capability is also a plus, allowing me to get back to listening in no time.Built-in App Support:The built-in app support is a fantastic addition. It allows for easy customization of sound profiles, touch controls, and firmware updates. This feature enhances the overall user experience, making it easy to tailor the earbuds to my preferences.Connectivity:The Bluetooth connectivity is reliable and quick, with a strong connection that doesn‚Äôt drop even at a distance. Pairing the earbuds with my devices was straightforward, and they reconnect automatically when taken out of the case, which is incredibly convenient.Call Quality:The call quality is clear, with good noise isolation that ensures my voice comes through clearly, even in slightly noisy environments. The built-in microphone performs well, making it easy to have conversations without needing to raise my voice.Conclusion:Overall, the Boult Audio UFO Truly Wireless In-Ear Earbuds offer an excellent combination of sound quality, comfort, and battery life at a competitive price point. They are perfect for anyone looking for reliable, high-quality wireless earbuds for everyday use. I highly recommend them to anyone in the market for a new pair of truly wireless earbuds!",Available
"boAt Airdopes 91 Prime, 45HRS Battery, 13mm Drivers, Metallic Finish, Low Latency,ENx Tech, Fast Charge, v5.3 Bluetooth TWS in Ear Earbuds Wireless Earphones with mic (Midnight Black)",2025-01-29 12:06:29,This product is very amazing ...sound quality of this product is very amazing...these earpods changes it sound according to beat of the song ...these earpods charge in a very short period of time and we can use it consistently for a long period ..these are are very easy to carry and fit in very small space ..this product is very useful  I am using this product from a long period of time and I loved this product ...the colour of earpods are very cool inlooking and these earpods are available in two different shades both are very cool ...these earpods connect to two different devices at the same time ..and two people use it at the same time ....no background voice is audible while using this product ......on a call voice is very clear and the next one listen your voice very clearly and no background voice is audible to other ....this product is worth of money ...it is one time investment and lifetime useful....and best gift for gifting it to your loved one ...one more benifit is this that it come with a lead so you don't need any extra charger for this,Available
boAt Bassheads 152 in Ear Wired Earphones with Mic(Active Black),2025-01-29 12:06:34,"I would like to start by saying I'm not an audiophile, therefore my review will be less about the audio quality of the product and more about the over all experience regarding the product. First off, this is my second time buying the product and you guessed it, it's good enough that I will buy it a third time if need be!Upon unboxing we are greeted by the presence of 3 pair of extra ear buds . There is also a pair of ear fins in the packet containing the extra ear buds, these ear fins are used to keep the ear buds snugly in your ears during strenuous periods of use where there is a chance of lots of movement. More on this later.Coming to the ear phones itself, it's among the very few ear phones that genuinely feels premium in hand. It is very durable, specially the plug part that connects to your phone, many a time my ear phones stop working because the plug part malfunctions and causes problems in the functioning of the ear phones. This is not the case with these.The wire itself is made of rubber/silicon. It feels good in hand and the only thing I can think of that could be improved here is to braid the wire but so far the wire hasn't showed any form of wear and tear common with most other ear phone wires. Another thing to emphasize is that the entire cable is flat through out, this genuinely decreases the number of instances where I find myself trying to untangle the wire. This is truly one of the best features of this pair of earphones.Remember I said something about the ear phones being made completely of metal? Well it continues to the mic and the left and right splitter. Both these pieces feel very premium because of the signature cold feeling of metal against skin. I don't know about you but attention to small details like this always brings smiles to my face. It is to be noted that the mic piece is a universal single button type and hence cannot control volume, personally this problem didn't affect me much but the might be potential buyers who might find this to be a deal breaker.Mic quality is subject to individual bias therefore I can tell you my personal experience. In my opinion I feel that the quality is average, it won't blow anyone's mind but it will deliver most of the time. A common complaint I heard from most of my callers that they find it difficult to hear me when there is a significant amount of back ground noise or wind rustling in to the mic, these are common issues even with ear phones price significantly higher than the boAt BassHeads 152Finally the most important part of the review, the sound quality of the ear phones. As I said earlier I won't be going into the technical details . I am a bass lover and that is what led me to buy this pair in the first place. In my opinion I found that the Bass is indeed good but not over powering for the average consumer like how the Extra bass versions of the Sony line up of earphones trend to be. The volume gets sufficiently high and more often than not I use it at less than half it's total volume when listening to music. The clarity of the boAt BassHeads 152 are above par and easily betters even ear phones in the 2000 INR price category this is one other reason why I love this pair so much. A point to remember, as the entire covering of the ear phones is made of metal it is significantly heavier than other ear phones. This becomes a double edged sword, on the one hand the metal makes the ear phones feel very premium but it also makes it significantly heavier than other earphones made of plastic. This causes it to easily fall out of your ears if the supplied fins are not used. The find unlike the ones find in let's say the newer Bose ear phones aren't as comfortable and can hurt your ears if used over a prolonged time.Last but not the least, there are multiple color variants of the boAt BassHeads 152 including red, black and blue. I found myself opting for the black variant both the times this may be a personal opinion but I find it to be the best of the three. That said I do see most corporate consumers opting for the black as it is a neutral color. This leaves out the red, for reasons unknown the red variant is sold at a lower rate on most sites perhaps due to shortage in sales, therefore if you are short on cash and just want a great pair of ear phones then grab these while they last.Pros:1) No metal build2) Excellent wire quality and trendy3) Durable4) Above average sound qualityCons:1) Metal build in the earphones trend to make them heavy and thus falls out of your ear easily2) Supplied Fins are uncomfortable to wear over a prolonged time3) Supplied Clip piece is removable and tends to get lost easilyI hope everyone who read this found it useful and can make an educated decision to buy or not to buy the BassHeads 220. All suggestions are welcome.Thanking you, Dwarakesh",Available
"ZEBRONICS Zeb-Bro in Ear Wired Earphones with Mic, 3.5mm Audio Jack, 10mm Drivers, Phone/Tablet Compatible(Blue)",2025-01-29 12:06:40,"The **ZEBRONICS Zeb-Bro in-ear wired earphones** are a fantastic find! üéß For such an affordable price, the **sound quality** is truly impressive. The **10mm drivers** deliver clear audio with balanced bass, making music, podcasts, and calls a pleasure. Whether I‚Äôm listening to soft melodies or bass-heavy tracks, the sound is crisp and immersive. üéµThe **in-built mic** is a great addition, ensuring clear communication during calls without any issues. I‚Äôve used these earphones for both meetings and casual conversations, and the performance is flawless.The **3.5mm audio jack** offers wide compatibility, and it works perfectly with my phone, laptop, and tablet. Plus, the **comfort** of the earbuds is worth mentioning ‚Äì they fit snugly without causing any discomfort, even during extended use.What I love the most is how **lightweight and durable** these earphones are. The cable is of decent length and doesn't tangle easily, which is a huge bonus. For such a budget-friendly price, ZEBRONICS has nailed it with both quality and performance!If you‚Äôre looking for **reliable, everyday earphones** that offer great sound at an affordable price, the Zeb-Bro is an excellent choice.**Five stars ‚Äì Highly recommended!** üåü",Available
"boAt Rockerz 255 Touch in Ear Neckband with Full Touch Controls, Spatial Audio, Up to 30H Playtime, ASAP Charge, Beast Mode, Enx Technology(Teal Green)",2025-01-29 12:06:44,"I am an earphone addict. I think I am eligible to write this review. I received it on 21 October and today is 29 October and the battery is still at 50%. I know it's crazyyyyyzzyy. I regret why I didn't bought it sooner. Doesn't have heavenly sound like 50k headphones but it's has Nuclear generated Battery. which you will need to charge only 4to5 times a month.Bike rideIt's not ideal for bike riding, it's for indoor use, alot of wind noise when riding, but no wind noise when plugged inside the helmet, additionally it makes alot of noise when you touch the earphone wire, the noise is not from the speaker btwbatteryBattery is great, no question about it. It's been 8 day's, I use it everyday and carry it everywhere and still it has 50% battery. after 8 days continuous used.Sound loudnessThe sound is loud I Don't recommend anyone to use it more than 80% level unless you want to lose your hearing within a year. 40% sound level satisfy me. It's too loud. If you put it more than 80% it's too dangerous for the eardrum.lastingI Don't expect to last it more than 1 year, like every boat earphone i have bought previously. ( they can last only 1 year maximum which is kind of disappointing.)  it's like boat earphone are built to last exactly 1 years. which makes you buy again and again. Which of course  makes sense. if they build a earphone that last forever. they won't be able to sell their newly launched product anymore.lookit looks good when you put it around the neck without listening. but when you put it in your ear it doesn't look cool ( around public) if you want to look cool this is not the right choice for you üòÅCan connect 2 blutooth device at the same timeBut the problem is, it can't recognise which is yours and which isn't, so when someone near you turn on their bluetooth, it will directly connect to it. which is kind of a minor problem. but i suppose boat apps can fixed it.sound qualitysound quality is kind of in the middle, I Don't have complains, but it's far better than 500 rs wired earphone IMO. the bass has high beat sound. mids and treble are perfect for me, bass is too much for me, IDK About your opinion.Noise block (ANC)If you play music to 30-40% sound level, you won't hear anyone talking near you. but if you Don't play any music, the noise level is blocked around 10% i would say. Considering this doesn't have any ANC it's great.i will update after 1,2,3 months used.",Available
"boAt Bassheads 100 C Wired Earphones with Type-C Jack, in-Line Microphone, in Ear, 10Mm Drivers, Signature Sound, Integrated Controls & Multi-Os Compatibility(Black)",2025-01-29 12:06:50,"Headset quality is perfect and color also same aani ordered functionality, sound quality, volume control, length all good. Nice product to use.. And budget friendly also..",Available
"Ambrane Stringz 38 Wired Earphones with Mic, Powerful HD Sound with High Bass, Tangle Free Cable, Comfort in-Ear Fit, 3.5mm Jack (Green), Normal",2025-01-29 12:06:54,The looks is very premium . Sound quality is also very good . Best earphone for daily and normal usage . It's also very durable . It's just value for money ..üëçüëç,Available
"Oneplus Bullets Z2 Bluetooth Wireless in Ear Earphones with Mic, Bombastic Bass - 12.4 mm Drivers, 10 Mins Charge - 20 Hrs Music, 30 Hrs Battery Life, IP55 Dust and Water Resistant (Magico Black)",2025-01-29 12:06:58,"If you're on the lookout for a solid pair of wireless earphones, the OnePlus Bullets Z2 might just catch your eye. I've been using them for a while, and here's my honest take on what they have to offer.Connectivity & Ease of Use:Let‚Äôs start with one of the essentials‚Äîconnectivity. The OnePlus Bullets Z2 nails it with seamless Bluetooth connectivity that just works. Pairing them with my phone was as simple as it gets, and once connected, they stay that way without any annoying drops. The button placement on the neckband is intuitive, and after a day or two of use, I could easily control playback without needing to glance down, thanks to muscle memory. It‚Äôs the kind of convenience you don‚Äôt realize you need until you have it.Sound Quality - Balanced Yet Personal:Now, onto the sound quality. As someone who values a balanced sound signature, I found the Z2 to be a great match for my taste. Whether I'm listening to some mellow jazz, electronic beats, or even rock, the sound remains well-rounded and crisp. The highs, mids, and lows don't overpower each other, making it perfect for those who don't want their ears blasted with bass or overwhelmed by treble.That said, sound quality is a subjective experience, and preferences can vary widely. If you're a bass head looking for those earth-shaking lows, you might find these a tad restrained. But if, like me, you appreciate a balanced output across genres, these will hit the right notes for you.Battery Life & Quick Charging - A Week of Peace:Battery life is another highlight. With moderate use‚Äîthink about 1-2 hours daily‚Äîyou can stretch a single charge to last an entire week. Even if you‚Äôre a heavy listener, using them for 6-8 hours straight, they can hold up for around 2-3 days before needing a recharge. And the quick charge feature is a lifesaver‚Äîjust 10 minutes of charging gets you 2-4 hours of extra playtime, which is perfect for those ‚Äúoops, I forgot to charge them‚Äù moments.Gaming & Low Latency - Smooth Experience:I spend a fair bit of time playing games like BGMI, and the low latency mode on the Bullets Z2 makes a noticeable difference. There's minimal lag between the visuals and the audio, which makes for a much more immersive gaming experience. It's not just about the sound being clear; it's also about it being on time, and these earphones deliver that pretty well.Comfort & Passive Noise Isolation:Comfort is key when it comes to neckbands, and the Z2 doesn‚Äôt disappoint. They come with multiple earbud sizes, so you can pick the one that fits snugly for you. While there‚Äôs no active noise cancellation (ANC) here, you can achieve a decent level of passive noise isolation by choosing the right ear tips. This makes a noticeable difference in cutting out background noise during commutes or at the office.App Experience & Annoying Blinking Light:Now, onto a couple of quirks. The Bullets Z2 uses the HeyMelody app, which offers additional features like custom sound settings. However, my unit just wouldn‚Äôt connect with the app, which was a bummer. So, any fancy tweaks you could make through the app were out of my reach, and I had to rely solely on the default Bluetooth pairing. While everything worked smoothly once connected, I feel like I missed out on some customization options that might have enhanced my experience.Another thing that bugged me was the small white light that blinks when the neckband is connected to a device. It might not seem like a big deal, but if you‚Äôre using the earphones in a dark room or while lying down, that blinking light can be pretty distracting. Plus, it probably drains the battery a bit, albeit a small amount. A simple option to turn this off in the app would‚Äôve been a nice touch.Final Thoughts - A Solid Pick for Most, with Room for Improvement:Overall, the OnePlus Z2 delivers where it matters‚Äîgood sound quality, reliable connectivity, and battery life that won‚Äôt have you constantly reaching for the charger. It‚Äôs not perfect, especially with the blinking light and app connectivity issues, but those are minor compared to the solid performance it offers. Plus, with the quick-charge feature and low-latency gaming experience, it‚Äôs hard not to appreciate the value you get.If you‚Äôre looking for a reliable neckband that blends style, comfort, and balanced audio, the OnePlus Bullets Z2 is definitely worth considering. It might not satisfy those who crave earth-shattering bass, but for most listeners, it's a worthy contender at its price point.",Available
Boult Audio BassBuds X1 in-Ear Wired Earphones with 10mm Extra Bass Driver and HD Sound with mic(Black),2025-01-29 12:07:02,"This is a high res audio model with type C pin. Compatible with my good old POCO M3. Clarity is quite good. Audio signature is balanced with mids, deep bass and clear highs best possible compared to the peers in the segment. Highly responsive to the equaliser of the player I use i.e. AIMP. Mic response and clarity is fine. Buttons are responsive and soft. Looks sturdy. Price just ‚Çπ350 on offer sale. Overall very good deal for the price. Satisfied buy. üëç",Available
amazon basics TWS in-Ear Earbuds (S19) with Fast Charging up to 50 Hours of Playtime | Dual 10mm Driver | IPX4 Water-Resistance | Bluetooth 5.3 | Touch Control (Purple),2025-01-29 12:07:08,"I‚Äôve been using the Amazon Basics TWS S19 earbuds for some time now, and I‚Äôm really impressed. First off, the battery life is amazing‚ÄîI can use them for hours each day and only need to charge the case every few days. The fast charging is also super handy when I‚Äôm in a rush.The sound quality is great for the price‚Äîthe dual 10mm drivers deliver clear highs and decent bass without being overpowering. They‚Äôre perfect for listening to music, podcasts, and even calls. Pairing them was incredibly simple, and the Bluetooth 5.3 connection has been stable with no annoying drops.I also love how lightweight and comfortable they are. I‚Äôve worn them during long work sessions and workouts, and they stay snug without causing discomfort. The IPX4 water resistance gave me peace of mind during sweaty runs and rainy walks. The touch controls took a bit of practice, but now they‚Äôre super convenient for adjusting volume and skipping tracks.If you‚Äôre looking for affordable earbuds with a solid balance of features, these are a fantastic choice. Definitely worth trying if you want something reliable without spending a fortune!",Available
"Wecool Moonwalk M2 Bone Conduction Headphones, V5.3 Bluetooth Earphones with IPX6 Sweat & Splash Resistance, Open Ear Headphones for Ear Health & Comfort, Ideal for Sports, Running, Climbing, Cycling",2025-01-29 12:07:14,"It has a quiet unique fit which goes over your ear but you can get a good sound experience, it does gets quickly connected to any of your device, I tried this for gaming which was a quiet good experience. Quality is good for the price also the sound",Available
"Noise Buds N1 in-Ear Truly Wireless Earbuds with Chrome Finish, 40H of Playtime, Quad Mic with ENC, Ultra Low Latency(up to 40 ms), Instacharge(10 min=120 min), BT v5.3(Ice Blue)",2025-01-29 12:07:18,"The media could not be loaded.
                



I purchased this products from Amazon and this has been the best buds in this price range.It's is very easy to use and easy to connect to my Samsung s24 mobile phone.And it has beautiful elegant looks which suits to my s24 and very worth.It's fit to my ear very well, it has good mic quality which doesn't need any noice cancellation. Battery life is also very long lasting once I charge it stays 3 to 4 days.",Available
"Boult Audio K40 True Wireless in Ear Earbuds with 48H Playtime, Clear Calling 4 Mics, 45ms Low Latency Gaming, Premium Grip, 13mm Bass Drivers, Type-C Fast Charging, BTv 5.3 Ear Buds TWS (Ivory White)",2025-01-29 12:07:24,"I must say, they offer excellent value for money. The sound quality is impressive, especially at this price point. The audio is clear, with a good balance of bass and treble, making it enjoyable for music, calls, and podcasts.Comfort is another highlight of these earbuds. They fit snugly in the ears without causing any discomfort, even during extended use. The design is sleek, and the build quality feels durable.The connectivity is seamless, and the battery life is satisfactory for daily usage. These earbuds are perfect for those looking for high-quality sound without breaking the bank. I highly recommend them to anyone in need of affordable, reliable wireless earbuds.",Available
"Noise Aura Buds in-Ear Truly Wireless Earbuds with 60H of Playtime, Quad Mic with ENC, Dual Device Pairing, Instacharge(10 min=150 min),12mm Polymer Composite Driver,BT v5.3(Aura White)",2025-01-29 12:07:29,It's quit good products in  such a price range under 1000. I'm happy have some good experience with noise aura buds. Thank you,Available
"pTron Bassbuds Bliss TWS In-Ear Earbuds with 4 Quadpro Mics, 3D Audioscape, TruTalk ENC Calls, 40H Playtime, 50ms Low-Latency Game/Music Modes, BT5.3 Headphones,Type C Fast Charging & IPX5 (Navy Blue)",2025-01-29 12:07:34,"The pTron Basspods Tour TWS Earbuds are pretty cool! It gives a great sound experience with clear audio. Perfect for music lovers like me, as there is no lag.Like mentioned, I love that it has a very high playtime too, so I don't have to worry about frequent charging, and the Type-C fast charging is super convenient.I really like the look it's really minimal yet stylish and the snug fit ensures they stay comfortable for hours.Must-have for their unbeatable quality, features, and value at a budget-friendly price!",Available
"Noise Newly Launched Buds Verve 2 in-Ear Truly Wireless Earbuds with Chrome Finish, 50H of Playtime, Quad Mic with ENC, 13mm Driver, Instacharge(10 min=200 min), BT v5.3(Stone Beige)",2025-01-29 12:07:39,Great value for moneyCall quality and on-ear microphone is pretty good!!,Available
